<?xml version="1.0" encoding="UTF-8"?><metadata>
    <idinfo>
        <citation>
            <citeinfo>
                <title>Map</title>
            </citeinfo>
        </citation>
        <descript>
            <abstract>Produced as part of the Galway
County Development Plan 2022-2028.The Galway County Development
Plan 2022-2028 requires applicants in the Structurally Weak areas not to
submit housing and local need criteria.Galway County Council provides this information with the understanding that it is not guaranteed to be accurate, correct, or complete. Galway County Council accepts no liability for any loss or damage suffered by those using this data for any purpose.</abstract>
            <purpose>County Galway Structurally Weak Areas CDP 2022 2028</purpose>
        </descript>
        <keywords>
            <theme>
                <themekt>None</themekt>
                <themekey>Galway</themekey>
                <themekey>Galway County Council</themekey>
                <themekey>Planning and Development</themekey>
                <themekey>Planning</themekey>
                <themekey>dgihousing</themekey>
                <themekey>Development Plan</themekey>
                <themekey>2022</themekey>
                <themekey>CDP 2022</themekey>
                <themekey>Structurally Weak</themekey>
            </theme>
        </keywords>
        <accconst>None</accconst>
        <useconst>https://creativecommons.org/licences/by/4.0/Galway County Council provides this information with the understanding that it is not guaranteed to be accurate, correct, or complete. Galway County Council accepts no liability for any loss or damage suffered by those using this data for any purpose.</useconst>
        <datacred>(c) Galway County Council</datacred>
    </idinfo>
    <metainfo>
        <metstdn>FGDC Content Standard for Digital Geospatial Metadata</metstdn>
        <metstdv>FGDC-STD-001-1998</metstdv>
        <mettc>local time</mettc>
    </metainfo>
</metadata>
