<?xml version="1.0" encoding="UTF-8"?><metadata>
    <idinfo>
        <citation>
            <citeinfo>
                <title>Map</title>
            </citeinfo>
        </citation>
        <descript>
            <abstract>Galway County Scenic Routes.
Produced as part of the Galway County Development Plan 2022-2028. 

See Appendix 4 Landscape Character Assessment and www.galway.ie
for further details.

A scenic route is not and cannot
be a comprehensive protection for the entire landscape. It does provide an
instrument for predicting and assessing representative measurement of what
effects would be experienced. by most potential public viewers in the majority
of circumstances.

Seven Scenic
Routes have been identified:

Maritime Scenic
Route Galway Bay
Scenic RouteGalway Clifden
Scenic Route Sraith Salach
Letterfrack Scenic RouteMaum Valley
Scenic RouteLough Corrib
Scenic RouteSlieve Aughty
Scenic RouteGalway County Council provides this information with the understanding that it is not guaranteed to be accurate, correct, or complete. Galway County Council accepts no liability for any loss or damage suffered by those using this data for any purpose.</abstract>
            <purpose>Galway</purpose>
        </descript>
        <keywords>
            <theme>
                <themekt>None</themekt>
                <themekey>Galway</themekey>
                <themekey>Galway County Council</themekey>
                <themekey>Planning and Development</themekey>
                <themekey>Planning</themekey>
                <themekey>dgihousing</themekey>
                <themekey>Development Plan</themekey>
                <themekey>2022</themekey>
                <themekey>CDP 2022</themekey>
                <themekey>Scenic</themekey>
                <themekey>Routes</themekey>
            </theme>
        </keywords>
        <accconst>None</accconst>
        <useconst>https://creativecommons.org/licences/by/4.0/Galway County Council provides this information with the understanding that it is not guaranteed to be accurate, correct, or complete. Galway County Council accepts no liability for any loss or damage suffered by those using this data for any purpose.</useconst>
        <datacred>(c) Galway County Council</datacred>
    </idinfo>
    <metainfo>
        <metstdn>FGDC Content Standard for Digital Geospatial Metadata</metstdn>
        <metstdv>FGDC-STD-001-1998</metstdv>
        <mettc>local time</mettc>
    </metainfo>
</metadata>
