,building_name,osm_id,building_type,latitude,longitude
B1,7th Day Adventist Church,160662154,building,53.27418086642123,-8.998755263332518
B2,AIB,101455935,building,53.285489400714354,-9.034299671850043
B3,ALDI,614947378,building,53.270834704137044,-9.09834266756399
B4,Abbeygate House,1083308434,building,53.27382927212537,-9.052922311810207
B5,Abbeygate House,164864096,building,53.272842780480254,-9.05137221545618
B6,Abhainn na mBradán,756121484,building,53.27433350149702,-9.054715130236714
B7,Administration,160607710,building,53.27832794466934,-8.992869545691486
B8,"Administration, Canteen, Kitchens, Stores, Pharmacy, Library, Education Centre",160795151,building,53.277348516909015,-8.993398822646785
B9,Adult Acute Mental Health Unit,15757242,building,53.278949527952626,-9.065963517778654
B10,Aengus House,163414619,building,53.26871914822942,-9.050391918912979
B11,Aisling Centre,161303473,building,53.2798234288141,-9.025480340539787
B12,Aisling House,211855430,building,53.26616016692223,-9.062540432573575
B13,Alice Perry Engineering Building,178611849,building,53.283963623221254,-9.063876666997544
B14,Almara House,209416215,building,53.27610951509116,-9.004760216750318
B15,Altenagh House,211939508,building,53.27317664000899,-9.057022598936532
B16,American House,162377560,building,53.27548699428959,-9.049360326905894
B17,An Grianan Geal,211933620,building,53.27547367492948,-9.063119336635399
B18,An Triantán,188161393,building,53.29666999413842,-9.031155620155184
B19,Anatomy Building,164865640,building,53.27873865930621,-9.06239452327558
B20,Anecto Ltd,160685078,building,53.28571534101735,-9.027218751960426
B21,Anno Santo Hotel,163130171,building,53.26325532763814,-9.08866891537278
B22,Applegreen,161450766,building,53.286786713738486,-9.030709239020577
B23,Applegreen,161450769,building,53.28702506773128,-9.030876737546743
B24,Arasain Na Mara,164368569,building,53.26372065071939,-9.070477593709395
B25,Ard Bia at Nimmo's,36783343,building,53.26957689317808,-9.053792879292882
B26,Ardawn House,288849328,building,53.27822405399961,-9.039705966245386
B27,Arts / Science Building,7294785,building,53.28010806411906,-9.059972962890798
B28,Arts Millennium Building,211900817,building,53.27981190005852,-9.062329866833968
B29,Arás na Gaeilge,211900823,building,53.27856325895252,-9.060515382682427
B30,Arús Grattan,163424275,building,53.26351366726372,-9.071131686050048
B31,Atlanta House,211754669,building,53.270152604432575,-9.056629305740273
B32,Atlantic House,1056315649,building,53.27664447441126,-9.047661579322973
B33,Augustine Court,146909213,building,53.271895533735815,-9.051510359566164
B34,Augustine House,870982487,building,53.27115656114851,-9.052166690335996
B35,Augustinian Priory,146909214,building,53.27184417114996,-9.052078856968572
B36,Avalon Adult Respite Centre,211896345,building,53.26425276161125,-9.062761376184083
B37,Avalon Threadneedle Court,211631991,building,53.258935326191235,-9.090874368721762
B38,Avoca House,209416217,building,53.276015950921504,-9.00482006774988
B39,B&Q,185498177,building,53.271671208730574,-9.099100004253486
B40,Baily Point,164356986,building,53.259467036890506,-9.07732315837723
B41,Ballard House,78380354,building,53.276665160394366,-9.077696086393772
B42,Ballindooly Castle,146974260,building,53.308404826139785,-9.028333592050235
B43,Ballybane Community Centre,176934866,building,53.28610504890006,-9.000049987538702
B44,Ballybane Enterprise Centre,176934924,building,53.28553499418967,-9.000445929196221
B45,Bank of Ireland,101458454,building,53.28558487734074,-9.026342307725397
B46,Barna House,161693563,building,53.25848930429298,-9.127457367061394
B47,Barr Taoide,164958751,building,53.272145227949615,-9.049375818680208
B48,Barrons Self Storage,161449701,building,53.290991045035625,-9.026055839391073
B49,Barton House,692322646,building,53.275185234551955,-9.053317638955752
B50,Bay View House,331162386,building,53.28215234779984,-9.03430913258197
B51,BayView Court,152101341,building,53.2758249909704,-9.04096868710515
B52,BestDrive,152101349,building,53.27894310250088,-9.049542796025584
B53,BioSciences Research Building,202400520,building,53.288469849532504,-9.068372242699706
B54,Blackrock Changing Area,685848298,building,53.25653840203439,-9.092531389220797
B55,Block 1,161453023,building,53.290984497154994,-9.004731627256035
B56,Block 1,211783649,building,53.26900269502594,-9.100755910790651
B57,Block 2,161453022,building,53.29064078060597,-9.004630982771202
B58,Block 2,1137647416,building,53.26869591996591,-9.100914932711053
B59,Block 2A,14659121,building,53.27589952043889,-9.066137374854225
B60,Block 3,162123849,building,53.268697926199586,-9.099886263490191
B61,Block 4,161453021,building,53.290744697038136,-9.003941677396627
B62,Block 6,161453029,building,53.290857436858616,-9.003276584076112
B63,Block 7,161453025,building,53.291091496674575,-9.002761668583803
B64,Block 8,161453028,building,53.29116696999932,-9.002233980303565
B65,Block 9,79289897,building,53.29123043887157,-9.001796772221555
B66,Block A,1125701356,building,53.26258433687026,-9.071945124450972
B67,Block A,161484592,building,53.28912792431624,-9.00601251479358
B68,Block B,1125701357,building,53.262700138599904,-9.072333341385464
B69,Block B,161484593,building,53.28914874639741,-9.005814828583222
B70,Block C,161484584,building,53.289166303848795,-9.00561831735624
B71,Block D,78247316,building,53.28948163580138,-9.00515520608608
B72,Block E,57378365,building,53.27823769456917,-9.060040702751623
B73,Block E,200354162,building,53.28950994392737,-9.004971954160247
B74,Block F,134399048,building,53.27843295,-9.0628247
B75,Block F,200354163,building,53.2895234907446,-9.00479307784814
B76,Block G,161484580,building,53.288973025176844,-9.005104412916676
B77,Block H,161484590,building,53.2889765123964,-9.004896005715445
B78,Block I,161484588,building,53.28897482305526,-9.004677626330741
B79,Block S,211900850,building,53.278510412597065,-9.059760385871671
B80,Body & Bowl Fitness and Nutrition,1013602787,building,53.285244283155116,-9.017596646055658
B81,Bohermore Cemetery Chapel,176487944,building,53.281028152711855,-9.039146003322372
B82,Bohermore Community Centre,176649663,building,53.28124294549058,-9.044771183136476
B83,Boiler House,160607706,building,53.278196089550434,-8.989229794846645
B84,Boiler House,165022796,building,53.27824641139614,-9.06617863628987
B85,Bon Secours Hospital Galway,13699242,building,53.27778426834,-9.019984358714417
B86,Breast Check,78427458,building,53.27857687218887,-9.068380302669702
B87,Bridgewater Court,211934878,building,53.26963325709173,-9.058014877574054
B88,Brinkwater House,163501866,building,53.2604627462639,-9.074314321754713
B89,Brook Lodge,211744150,building,53.28179898852374,-9.0657618231085
B90,Brook Lodge,204888775,building,53.28882693874323,-9.084721175500134
B91,Brooklawn House,176299592,building,53.27480971440604,-9.097406420530978
B92,Brooks,184454023,building,53.29849207601579,-8.99129902278156
B93,Brothers Of Charity,185315945,building,53.280812538367684,-9.005933944747408
B94,Building 1,16235624,building,53.29267849500206,-9.00951846811719
B95,Building 2,161453015,building,53.29333731301834,-9.005137607476108
B96,Burren Mount,164356989,building,53.259245282704924,-9.077870085946802
B97,Business and Innovation Centre,43204207,building,53.28281650575832,-9.064847831901947
B98,CAMHS Inpatient Unit,188006479,building,53.277782966452634,-8.985474297649764
B99,Cairnes Building,25771889,building,53.284207646977684,-9.065833049835875
B100,Caiseal Eala,1082964036,building,53.27011890912104,-9.053302697945592
B101,Calbro Court,161384893,building,53.28436919907589,-9.035716794323228
B102,Calbro House,161384892,building,53.28454381249911,-9.035545871298053
B103,Cancer Care West - Inis Aoibhinn,165025336,building,53.27558844433373,-9.06842521102168
B104,Carraig Bed and Breakfast,764468536,building,53.314315487914016,-9.017295399598602
B105,Carraig Palmer,163501867,building,53.26078625809461,-9.074200214848975
B106,Cathedral Buildings,176479325,building,53.27279594300804,-9.051801081816086
B107,Ceann Boirne,161591553,building,53.27855602724745,-9.0081426148401
B108,Celestica Building 1,184424621,building,53.30207622995888,-8.998367071382734
B109,Celtic Futon Store,161443589,building,53.286089567714534,-9.037054638251394
B110,Cemetery Chapel,176487925,building,53.28151389977087,-9.037854433529578
B111,Centra,753792912,building,53.29018371555056,-9.006690475841102
B112,Centra,161479312,building,53.29227497858371,-9.019410642367594
B113,Centra,588467536,building,53.27124929941194,-9.0453750664674
B114,Centre Point,161449710,building,53.286095061938425,-9.035458665118945
B115,Century Apartments,163500193,building,53.26253725029764,-9.076031104221343
B116,Chadwicks,160675964,building,53.28379588854768,-9.030038652212061
B117,Chapel of Saint Columbanus,164865635,building,53.2805043018743,-9.06295709884557
B118,Charter House,161384914,building,53.284582315455594,-9.03626589512909
B119,Christ the King,37208306,building,53.260763439382394,-9.076189681394276
B120,Church of Saint Ignatius,131872729,building,53.26963465885283,-9.061659012781995
B121,Church of Saint Nicholas,128910161,building,53.27272156783324,-9.053692504455869
B122,Church of Saint Oliver Plunkett,141132304,building,53.27719439403315,-9.018771683573583
B123,Church of the Resurrection,176648689,building,53.29152239972215,-9.04044604390889
B124,Cill Cais,162445319,building,53.267617411974754,-9.106288989758312
B125,Circle K,1034248228,building,53.28153324790941,-9.03500556302543
B126,Circle K,100010223,building,53.28215201696304,-9.038730766602972
B127,Circle K,78103022,building,53.29009519562601,-9.006956592190814
B128,Circle K,25772053,building,53.28187057546994,-9.064942733288168
B129,Circle K,1038388819,building,53.281770005887424,-9.064785905653496
B130,Circle K,1039931013,building,53.28207248038992,-9.038931459615396
B131,Circle K,100009342,building,53.281461968047616,-9.034789888611147
B132,Circle K,78079067,building,53.277281732988754,-9.072082800577386
B133,Circle K Express,161479303,building,53.292189674520436,-9.019092461158642
B134,City Hall,52410902,building,53.27627011446016,-9.043573276688205
B135,Claddagh Hall,47090430,building,53.267134096322835,-9.053701770318122
B136,Claddagh House,211921676,building,53.26896762554884,-9.058065215848675
B137,Clare House,152105449,building,53.27255156058505,-9.051607408002512
B138,Cleggan House,162377565,building,53.275343013067456,-9.04954480013104
B139,Clifton House,215136080,building,53.28020910334457,-9.078856205917784
B140,Clinical Science Institute,133779943,building,53.27536044967244,-9.066307201644324
B141,Clinical and Translational Research Facility,793558315,building,53.27542331194154,-9.065827677715466
B142,Club House,211747962,building,53.25949642230808,-9.095427204230667
B143,Coachman Apartments,211754709,building,53.270451684528624,-9.056768135058922
B144,Colonial Buildings,162456561,building,53.274190677439236,-9.051413372000935
B145,Columban Hall,133779947,building,53.268680350000004,-9.062624000000001
B146,Comer Stand,161294553,building,53.28426711053964,-9.056753610261277
B147,Commerce House,152105445,building,53.27067596214038,-9.052956841746854
B148,Commercial Boat Club,290091839,building,53.27844877881795,-9.053833190256734
B149,Computer Science Building,211906273,building,53.28021080453697,-9.058599738620895
B150,Connacht Hotel Galway,160822122,building,53.28003963436217,-9.021388214368999
B151,Connacht Rugby Gym,219998449,building,53.27993052289123,-9.039189880624427
B152,Connacht Rugby Offices,159896542,building,53.27966646750665,-9.039904274825252
B153,Coolavalla B&B,135111059,building,53.274195122127885,-9.063274453979394
B154,Cope Galway - Corrib Day Centre,211896065,building,53.279737399999995,-9.065733950000002
B155,Corbett Court,162462588,building,53.273809175732275,-9.050630668130877
B156,Corporate House,161453027,building,53.291012573143256,-9.004011332778788
B157,Corrib House,139422908,building,53.27467825000001,-9.089189750000001
B158,Corrib Shopping Centre,162373254,building,53.27598082191045,-9.050295926938679
B159,County Bar,176162235,building,53.29823232833435,-8.998363561100112
B160,County Club,211939505,building,53.274327760033174,-9.0560715177579
B161,Cregal Art,160956416,building,53.288289422431816,-9.015506731314513
B162,Crescent Court,179423821,building,53.2671136765067,-9.060640305832436
B163,Croí West Of Ireland Cardiac Foundation,188446668,building,53.28407474826877,-9.068831259714981
B164,Currys,78474068,building,53.281422481438334,-9.049389878933393
B165,Curtiss-Wright,79232364,building,53.30136047031334,-8.995271645252712
B166,Custom House,870981421,building,53.270756922934,-9.053539307857548
B167,Cé na Mara,176649365,building,53.27039730615764,-9.048072197968605
B168,Céim Eile Day Centre,161240235,building,53.27895352202228,-9.002954271773074
B169,Cúirt Eigis,161591557,building,53.280778350544814,-9.00924749821284
B170,Cúirt na hAbhann,161443580,building,53.286466715463696,-9.039194805263588
B171,DJM House,161384902,building,53.28649045,-9.03858615
B172,Dalton House,161484578,building,53.28941171685297,-9.00004690341913
B173,Data Science Institute,25745017,building,53.28989327336846,-9.074221715253094
B174,Diabetes & Endocrinology Unit,2202188,building,53.27836240360875,-9.068010698568928
B175,Dialysis Unit,160602449,building,53.2774667838189,-8.996027897115926
B176,Dockgate,7581131,building,53.270948997568226,-9.05130281832054
B177,Doctor's Surgery,295141976,building,53.26491457876342,-9.116674511238708
B178,Dominican Convent,954339659,building,53.268635747949865,-9.078119774797687
B179,Dunnes Stores,162374751,building,53.27504267637109,-9.051322863762966
B180,Dunnes Stores,957884793,building,53.27291087965953,-9.099405714202394
B181,Dún Aengus,163414620,building,53.26871364819781,-9.051330669267907
B182,Dún Aengus,163414622,building,53.268966431631846,-9.051663774406938
B183,Dún Aengus,163414623,building,53.26863192381462,-9.051001875137809
B184,Dún Aengus,163415045,building,53.26907967627336,-9.051032027448866
B185,EZ Living Furniture,161603129,building,53.28453695845827,-9.044100719850338
B186,Eden House,185315951,building,53.28078177638792,-9.004010162799705
B187,Education Building (Block D),57378372,building,53.27823828162068,-9.060594455655833
B188,Edward Square,162462592,building,53.27312651761083,-9.050628561107109
B189,Eglinton Court,162456575,building,53.2748036772562,-9.052313905752827
B190,Eglinton Hotel,211765415,building,53.2590422308109,-9.07868684554084
B191,Eglinton House,211754712,building,53.27027338432746,-9.057300165512787
B192,Emergency Department,165064627,building,53.276827331677936,-9.065508512910354
B193,Emerson Court,163500197,building,53.26229261521234,-9.07619580682281
B194,Enable Ireland,165022793,building,53.27942290449986,-9.065929595599766
B195,Energy Center,211690763,building,53.28458751530653,-9.064346071337882
B196,Entrance A,184430687,building,53.29841723218681,-8.993839407780369
B197,Entrance B,184426281,building,53.29878995,-8.99776855
B198,Entrance C,178762694,building,53.29712170015179,-8.996145162705634
B199,Estoria House,211854862,building,53.26766218609747,-9.066030979133977
B200,Eyre House,162468373,building,53.273700010475466,-9.049612074148744
B201,Eyre Square Centre,162462593,building,53.273044724439586,-9.04982782967023
B202,Failte House,185315947,building,53.280251521338755,-9.006255390030198
B203,Fairgreen Homeless Men's Hostel,441065618,building,53.27383470015243,-9.045358226984334
B204,Fairgreen House,164863674,building,53.274143444920256,-9.045942249108903
B205,Fairhill House,211918950,building,53.267872800000006,-9.057231199999999
B206,Fannin Healthcare,78247329,building,53.2899154624546,-9.003443795301756
B207,Farrells Garage,290091850,building,53.27585330728048,-9.051578725174954
B208,Finance Building,160607708,building,53.27749990459348,-8.992083695553806
B209,"Financial Systems, Internal Audit",160607704,building,53.278057258538325,-8.991564540465465
B210,Fishery Watchtower,152105443,building,53.270212717307075,-9.055913395026826
B211,Five Crown Square,16254533,building,53.28754528958515,-9.020446133819943
B212,Fort Lorenzo House,288863112,building,53.268675601471834,-9.08929447914886
B213,Four Crown Square,16254534,building,53.2873235946376,-9.021244565226814
B214,From Here | Student Living,954658261,building,53.27452031507706,-9.045096726145713
B215,Furey's Apartments,164649886,building,53.26982984893997,-9.060564427653192
B216,G&P Crash Repairs,487452284,building,53.28600413427265,-9.036883491691796
B217,GCI House,116700025,building,53.26297269009643,-9.071384793817291
B218,GMIT Sports Centre & Gym,210429373,building,53.278187763428,-9.012530778501732
B219,GRETB Training Centre,161603109,building,53.28642206306828,-9.025054679615183
B220,Galway Atlantaquaria,141749934,building,53.26001712709342,-9.074064293842298
B221,Galway Autopoint,200192461,building,53.28492156667464,-9.043769154437248
B222,Galway Bay Apartments,195589168,building,53.262196207198286,-9.072876195834615
B223,Galway Bay Sea View Apartments,163496146,building,53.25857272917732,-9.079173985468683
B224,Galway Bay Seafoods Factory,150786624,building,53.26968777672523,-9.046383314159918
B225,Galway Bay Seafoods Shop,150786614,building,53.26939352215275,-9.046162323743175
B226,Galway Cathedral,150786580,building,53.275190672101715,-9.057613122255706
B227,Galway Courthouse,142236132,building,53.27588056976489,-9.054895471705272
B228,Galway Crystal,25965036,building,53.27378729936953,-8.996553766291374
B229,Galway Football Association,169469250,building,53.285084755654324,-9.057006865699588
B230,Galway Lifeboat Station,160636272,building,53.26914367496515,-9.046857322491675
B231,Galway Mails Centre,161600393,building,53.29830209249254,-9.006908301029805
B232,Galway Ocean Sports Club,150786633,building,53.26768509948206,-9.042209084558078
B233,Galway PCCC,165020896,building,53.27471248197425,-9.065638784866872
B234,"Galway Primary, Community and Continuing Care",165027238,building,53.274764171764815,-9.064255019040973
B235,Galway Rowing Club,331925420,building,53.27697127873584,-9.054341135211121
B236,Galway United Football Club,175499306,building,53.2849575,-9.05717295
B237,Gate Lodge,165044131,building,53.276257827051595,-9.064042163765016
B238,Gate Lodge,163760718,building,53.27665174074713,-9.061269783464223
B239,Gate Lodge,150786622,building,53.2817934361753,-9.038568800562704
B240,Geata an Eolais,211933631,building,53.27670209742342,-9.063142724157649
B241,Geata na Cathrach,164856657,building,53.274243091771496,-9.044279237759287
B242,Gentian Hill House,211745000,building,53.258873653701265,-9.107516729181144
B243,Glenoaks Hotel,78344799,building,53.27279801865246,-9.084646890149779
B244,Glenrock House,161468922,building,53.292401046134515,-9.013856867786844
B245,Glenview House,211847145,building,53.260525904585506,-9.075046751236986
B246,Glór na Mara,955409029,building,53.270126511324136,-9.052610144933476
B247,Gort Ard,211671340,building,53.26121520000001,-9.085147700000002
B248,Granary Hall,211754696,building,53.271132100370714,-9.056717777864318
B249,Gray Office Park,953791265,building,53.280402300958066,-9.051822721923385
B250,Great Western House,1086302830,building,53.27400779275328,-9.047010712205633
B251,Guard house,1359649145,building,53.285339949999994,-9.0652942
B252,HSE Galway - Training Centre,160602512,building,53.27846639114907,-8.986372681669932
B253,HSE Medical Centre,160977313,building,53.28117031640524,-9.01631524626443
B254,Hall of the Red Earl,870981416,building,53.27091430376801,-9.05360727658958
B255,Hanley House,133670839,building,53.2684384139402,-9.064452636874512
B256,Harbour Hotel,150786583,building,53.27076490337907,-9.047583003837529
B257,Harbour House,865972889,building,53.271615555591055,-9.050394341814481
B258,Hardiman Building,976465371,building,53.27946301529108,-9.060956445380533
B259,Hardiman House,146881321,building,53.27490692561164,-9.04846426049808
B260,Heather Grove Housing Association,218396663,building,53.28233833531728,-9.011211503633316
B261,"Hepatology, Infectious Diseases, Pain Clinic",2202212,building,53.2753705842141,-9.06374226293757
B262,Hibernian House,162377563,building,53.27535110270715,-9.049782492170571
B263,Hogan Motros,161450768,building,53.287082735360904,-9.02989869908013
B264,Holy Family Church,160837604,building,53.28173167683494,-9.015745102402853
B265,Holy Family School,194677844,building,53.27939073129039,-9.028515840664538
B266,Home Store + More,303647925,building,53.28208182964066,-9.030700538251496
B267,Horticultural Training Unit,160602495,building,53.277545570695196,-8.986222227155343
B268,Hospital 1 & 2,160607718,building,53.27705501157725,-8.989738552690085
B269,Hospital Chapel,160607719,building,53.27763005494227,-8.993620066245764
B270,Human Biology Building,672209444,building,53.27866202631106,-9.059171468846849
B271,Huston School of Film and Digital Media,343501011,building,53.2768123886201,-9.058651592082189
B272,Hynes Building,13775053,building,53.271469456769296,-9.05185934087689
B273,IMC Galway,28051325,building,53.27955175326248,-9.050792281594344
B274,Industrial Info House,161453026,building,53.29110276699708,-9.00328925537027
B275,Innovation House,79968913,building,53.28981736908071,-9.010643589189728
B276,Innovation in Business Center,210429375,building,53.277669319386035,-9.012014980675405
B277,Inver,162508829,building,53.25836158250759,-9.101041922197384
B278,Irish Centre for Human Rights,211939496,building,53.27610670888103,-9.058222581329735
B279,Irish Wheelchair Association - Outreach Centre,161240236,building,53.2783456881144,-8.987385805194481
B280,Irwin Court,162378103,building,53.27548998641147,-9.049985830272226
B281,Island House,79430846,building,53.27393872735458,-9.057540990486908
B282,Ivor's,79370326,building,53.274174337385354,-9.078509764788512
B283,Ivy House,209718587,building,53.27438865,-9.0078249
B284,Ivy House,211930000,building,53.27053024812588,-9.06830785163666
B285,J.J Fleming Car Sales,160840382,building,53.29012946464819,-9.020113416772237
B286,Jameson Court,163501871,building,53.26017073493537,-9.075101799361622
B287,Joyce House,161384926,building,53.28344157299682,-9.036962687907375
B288,Jump Lanes,78516537,building,53.28946293341629,-9.017077289235337
B289,Jungle Beach Break Cafe,271455168,building,53.257418523241135,-9.085954538855951
B290,Kamrick Court,161467203,building,53.290046324159235,-9.010152437089891
B291,Kelehans Bar,162043966,building,53.296553347134086,-9.093260848700272
B292,Kellehers Texaco,825348459,building,53.263303718435,-9.072017060044175
B293,Kelly Office Supplies,134826767,building,53.267489643290546,-9.066289947324105
B294,Kenny Group House,161697982,building,53.26222587822938,-9.124440912130414
B295,Kennys Bindery,161384907,building,53.286951949999995,-9.035807
B296,Kilderry House,1017271647,building,53.269438090028856,-9.057961286159324
B297,Killanin Stand,26437065,building,53.29795341536284,-8.99829804392535
B298,Kiltartan House,164863679,building,53.27467355563553,-9.046449648691917
B299,King Ding,211850452,building,53.27349139999999,-9.081211949999998
B300,Kingdom Hall,266387125,building,53.29002855219614,-9.04940632499547
B301,Kingston Hall,163103500,building,53.26303484347576,-9.102703789678769
B302,Kingsvalley Hotel,160662155,building,53.274033129114784,-8.999645385102163
B303,Kirwan Court,870985989,building,53.27150496474016,-9.054872484169024
B304,Kirwin House,870985450,building,53.271122232143426,-9.052995872951811
B305,Knocknacarra Community Centre,176485996,building,53.263633670526225,-9.13108241567746
B306,LIP,78247325,building,53.289523564691514,-9.004428476220403
B307,Laboratories,2198893,building,53.27743465239254,-9.068100104371787
B308,Lakeview School,194677845,building,53.27978951097114,-9.028785662920784
B309,Lann Na Farraige,1090854203,building,53.2598690689754,-9.075017880887684
B310,Laundry,165022802,building,53.27819189083992,-9.067110985417623
B311,Laurence House,1029329844,building,53.2706745956225,-9.052625767476817
B312,Leisureland,1035229125,building,53.25892019717442,-9.08197687433068
B313,Leisureland,1035229124,building,53.25887614508894,-9.082515076997693
B314,Leisureland Theatre,772903540,building,53.25926158459936,-9.082271637602366
B315,Lenaboy Castle,165330923,building,53.268548139540485,-9.074583376191027
B316,Leonardo Hotel Galway,47090432,building,53.27067405808576,-9.055023650609211
B317,Leonardo Hotel Galway,1361204907,building,53.27085715892873,-9.054490192001861
B318,Liam Mellows GAA Club,159554232,building,53.27023530193441,-9.022471795402831
B319,Lidl,188659957,building,53.281779527887274,-9.030234140903465
B320,Lidl,795003998,building,53.28464641527152,-8.980790094744052
B321,Life Course Institute,331948873,building,53.288703518990715,-9.070532302434225
B322,Lime Kiln,116660614,building,53.27717680332918,-9.057558577177108
B323,Liosbaun House,101455938,building,53.286184358474635,-9.033304386672935
B324,Lismoyle House,153265862,building,53.27207629333029,-9.050929187592457
B325,Local Energy Centre,165025345,building,53.27722203373578,-9.067113875422226
B326,Loch Lurgain,164365781,building,53.26103300753199,-9.075965631759235
B327,Lock House,164649853,building,53.27022420942194,-9.057909487823233
B328,Longstay (elderly care),160794680,building,53.275722689591795,-8.993399312272308
B329,"Longstay, Respite, Rehabilitation",160602479,building,53.275716567211,-8.992032571436582
B330,Lydon Court,162378102,building,53.27584387346726,-9.049618279729897
B331,Lyrr Building,1203149004,building,53.28585040183195,-9.030890794250432
B332,MSA - General Monitors,78432241,building,53.28948039406516,-9.010751721731953
B333,Madera Island House,211754705,building,53.27175690614153,-9.058169736839703
B334,Magdalene Terrace,866040407,building,53.2752671,-9.04408145
B335,Magdalene Terrace,587893346,building,53.27523319122791,-9.044449840855577
B336,Magdalene Terrace,866040409,building,53.27526110000001,-9.044227999999999
B337,Magdalene Terrace,866040408,building,53.27523484977979,-9.044151405380227
B338,Magdalene Terrace,866040410,building,53.275258099999995,-9.04430125
B339,Magdalene Terrace,866040411,building,53.2752551,-9.044374549999999
B340,Magdalene Terrace,866040406,building,53.27524079983525,-9.044004850985338
B341,Mail Services Center,163760267,building,53.27886266858121,-9.058117002668919
B342,Main Hospital,2202373,building,53.27670887714614,-9.066280363206042
B343,"Main Reception, Admissions and Radiotherapy",165064623,building,53.27653332019303,-9.065639026374424
B344,Main Stand,159896547,building,53.278503166326914,-9.04024807881088
B345,Maritimo,1090854204,building,53.2599479262746,-9.075059758942883
B346,Martin House,131269467,building,53.29079713108013,-9.073616972728475
B347,Martin Ryan Building,57378403,building,53.27741880975304,-9.05939932091127
B348,Mary Mosque,727818802,building,53.29020604058675,-8.994596148603064
B349,Maternity & Gynocology Department,165027247,building,53.27569208717799,-9.06477436989417
B350,Maxol,134826780,building,53.26734252274702,-9.06646320795492
B351,Maxol,116700020,building,53.26745491776737,-9.066637560922747
B352,Maxol Auto24,25761891,building,53.275636068671254,-9.076712511246544
B353,Mayoralty House,153265880,building,53.270983804741,-9.052411474399351
B354,Maywood Court,211852101,building,53.26609717967102,-9.07141479490001
B355,Mazars Place,163424307,building,53.26359828065156,-9.07090799678004
B356,McDonald's,78474056,building,53.27994037177091,-9.049914985170439
B357,McDonald's,25761888,building,53.27565507021914,-9.076187594396266
B358,Meadow View,185315946,building,53.28050895636493,-9.003530325915719
B359,Mechanics Institute,176479503,building,53.27261663764365,-9.05193699047666
B360,Medical Outpatients / Infusion Service / CAPD,160602459,building,53.27671796111422,-8.993505282060228
B361,Medical Records,160607707,building,53.27685990871133,-8.990753178425866
B362,Medtronic Building 3,78702833,building,53.30004860395238,-8.990520827024302
B363,Medtronic Building 4,79232361,building,53.301538208186244,-8.997361653577851
B364,Menlo Castle,290247883,building,53.29654875464344,-9.07345812597794
B365,Merchants Dock,870981849,building,53.27051570817572,-9.052293983240162
B366,Merchants Gate,866107776,building,53.272121751010275,-9.050599921664011
B367,Merchants Quay,870981843,building,53.27077556163615,-9.052508492890267
B368,Merchants Square,870981848,building,53.270357000866824,-9.052445428501501
B369,Merlin Park Castle,52323799,building,53.27982504999999,-8.998077250000001
B370,Merlin Park Imaging Centre,160607705,building,53.277986200379914,-8.990889306733026
B371,Merlin Stores,824422420,building,53.276165982237444,-9.003915522286412
B372,Mervue Community Centre,160977312,building,53.282551201914295,-9.01647578178258
B373,Mervue United Clubhouse,161287443,building,53.281752952378014,-9.019097382421421
B374,Middle Street Mews,870985430,building,53.2716098583731,-9.053276331812738
B375,Mill House,211935450,building,53.272004730416924,-9.058643803467458
B376,Millennium Stand,26437058,building,53.298076517423546,-8.996787918952808
B377,Millers Hall,82857837,building,53.271194585718845,-9.10016941848063
B378,Monterey Court,794912021,building,53.26099126307082,-9.074005341803355
B379,Montrose House,211855335,building,53.26490465058795,-9.063713518977897
B380,Mortuary,161236673,building,53.27732752582012,-9.003416794507402
B381,Mulvoy Place,176158393,building,53.282272152315244,-9.04187958276275
B382,Musgrave MarketPlace,820159865,building,53.290250914521735,-9.022944527713621
B383,Musgraves,78516436,building,53.29059799559787,-9.022007963529173
B384,NUI Galway Sports Pavillon,25767229,building,53.29322966837006,-9.077710884880034
B385,NUIG Education,211934104,building,53.273144888369316,-9.058323173224245
B386,NUIG Engineering Building (disused),163926179,building,53.27339746062189,-9.05755666671211
B387,Nelipack,160685945,building,53.28703068689971,-9.026087809238613
B388,New Life Centre,161566744,building,53.28892290511254,-9.008321314144162
B389,Newell Homes,957873904,building,53.28006609998268,-9.067888996367254
B390,Niland House,870981846,building,53.27065507329321,-9.051894087891943
B391,Nun's Island Theatre,211939485,building,53.27225165929448,-9.057699899987286
B392,Nurses Home,134399050,building,53.27732981122697,-9.064809742706272
B393,Nursing Library,183158023,building,53.27896270341294,-9.060507542159673
B394,Ocean Towers,163128884,building,53.25766748198783,-9.091379763342843
B395,Odeon House,146881334,building,53.274748331285636,-9.048331595507262
B396,Oilean Spraoi Montessori,266387118,building,53.291706579370135,-9.043851575086702
B397,Old Fever Hospital,165025350,building,53.27679132065738,-9.067429856895451
B398,Old Fort,796492764,building,53.2687350086832,-9.032658705333796
B399,Old Municipal Waterworks,800839425,building,53.28350294082658,-9.057572634497683
B400,Old Savoy Cinema,162456556,building,53.27458840045231,-9.051787751357146
B401,Old Stand,161294688,building,53.28495134498077,-9.056097781302107
B402,One Galway Central,177278206,building,53.27560234132357,-9.045757647584908
B403,Orchard House,161468926,building,53.29299368652759,-9.013945123660095
B404,Orthodontic Deptartment,160602486,building,53.277457439065394,-8.987294068891474
B405,Orthopaedics & Surgical Outpatients,160602452,building,53.2767102714854,-8.991871658009172
B406,Outpatients Department,1357803814,building,53.27640008954905,-8.99069953486043
B407,Outpatients Department inc. Oncology Day Ward,165322947,building,53.27751911907765,-9.066587244005452
B408,Owners & Trainers Carvery,26437240,building,53.29855275800466,-8.9970261081868
B409,Ozanam House,146909216,building,53.27202021630507,-9.051283298869798
B410,P.J. Flaherty,211852107,building,53.2663873963827,-9.071192518988966
B411,Paediatric Unit,165025352,building,53.27611667321693,-9.068405656089729
B412,Parochial House,164359027,building,53.26266265,-9.118875599999999
B413,Pearse Stand,191851417,building,53.262675562554755,-9.083971067835725
B414,Penn Engineering,160685075,building,53.28630838838114,-9.028242835037481
B415,Persse Distillery (disused),177111966,building,53.27299005712148,-9.056651802075034
B416,Petworld,161603121,building,53.284226000050815,-9.043847140993622
B417,Plaster Room Clinic (temporary),160602471,building,53.27599915632735,-8.989614326811541
B418,Platform 94,43204243,building,53.28534968963662,-9.026790312240548
B419,Podiatry Clinic,160602462,building,53.276755252563724,-8.996103798169566
B420,Pointe Boise,163424329,building,53.26233186142113,-9.072424275655118
B421,Port of Galway,794914843,building,53.268921315143125,-9.047255338344634
B422,Portershed a Dó,175583929,building,53.27365480436892,-9.053651919263224
B423,Portmore,36783333,building,53.27013627708444,-9.05399870708575
B424,Presentation Convent,177111447,building,53.273514414983026,-9.060242833111067
B425,Printing and Storage,165022801,building,53.278530905926665,-9.06699317642365
B426,Promview House,164365790,building,53.26031638467458,-9.076162604326761
B427,Prospect House,162504942,building,53.275254975700996,-9.048528341494864
B428,Public Analyst Laboratory,165022803,building,53.279064656670165,-9.067026805064808
B429,Pálás,955409028,building,53.26985072041223,-9.052809312436429
B430,Quadrangle,13170686,building,53.2776826331636,-9.062075366157949
B431,Qualtech,79232365,building,53.30124267008566,-8.996610266991622
B432,Radharc An Chlair,164368573,building,53.26347889184532,-9.071480928694168
B433,Reception,205144824,building,53.28905380587622,-9.066973108832494
B434,"Registry of Births, Marriages and Deaths",165027246,building,53.27484613339197,-9.064600764521098
B435,Rendu Court,153265867,building,53.27188036838879,-9.051034546379636
B436,Renmore Community Centre,160674155,building,53.27592592001069,-9.016396835589395
B437,Renmore House,161303462,building,53.27974524692836,-9.026537090952488
B438,Renmore House Workshop,161303465,building,53.27962800380481,-9.024891855284203
B439,Renmore Scouts Den,160674156,building,53.275971450643446,-9.016818356338591
B440,Research and Innovation Centre,43204192,building,53.28281179585468,-9.064342621666846
B441,Riverside Terrapin,211900845,building,53.281353910277325,-9.063667139699419
B442,Rockfort House,146909217,building,53.27166038659749,-9.052258293255877
B443,Rockville Apartments,195588985,building,53.26061100385784,-9.074236442862915
B444,Ros Geal Student Residence,192922786,building,53.27657229375945,-9.062707127471201
B445,Roscam Church,771966808,building,53.26419128181162,-8.984995434803249
B446,Roscam Round Tower,1140803229,building,53.26463297913686,-8.984974745450069
B447,Rosedale School,161303459,building,53.27976350442114,-9.027276216104546
B448,Ross House,164959829,building,53.27274410770323,-9.04896655928897
B449,Rossa B&B,290091841,building,53.27729901455122,-9.050927935351517
B450,Roxboro House,135928795,building,53.27007786190727,-9.061814164236495
B451,Royal Court Business Centre,161384897,building,53.285366749999994,-9.037825300000002
B452,Royal Tara Visitor Centre,160953631,building,53.285278139170224,-9.01982773984548
B453,Ryan Institute Annexe,164865634,building,53.27682823319713,-9.05963041517892
B454,Sacred Heart,207249789,building,53.27689215429004,-9.07396246980604
B455,Saint Agnes,185315937,building,53.27989346536487,-9.005857904589229
B456,Saint Aidan,185315944,building,53.28140986556266,-9.00381423376542
B457,Saint Augustine Church,131838877,building,53.27204727129887,-9.052011885316135
B458,Saint Brendan's Court,290091877,building,53.276379356262666,-9.051846453272882
B459,Saint Brigid's,176160259,building,53.28469262654331,-9.00086513304997
B460,Saint Columba's Church,161600396,building,53.294819822411384,-9.012956194447112
B461,Saint Columbas Credit Union Ltd,160977314,building,53.28228447752739,-9.016271041017035
B462,Saint Francis,194676397,building,53.28136821931962,-9.004145469881136
B463,"Saint Francis ""The Abbey""",121163647,building,53.27524273173153,-9.054086098185447
B464,Saint James GAA Club,160977311,building,53.282851346048034,-9.016761345542275
B465,Saint James' Church,131486864,building,53.2940395350959,-9.090335651257119
B466,Saint Joeseph's Special School,211744101,building,53.28110963721524,-9.067217404865426
B467,Saint John the Apostle,161703159,building,53.26287620926789,-9.118480258296389
B468,Saint John's,185315941,building,53.2811080810619,-9.00404904212345
B469,Saint Joseph's,211935437,building,53.27338676697115,-9.060561911344731
B470,Saint Joseph's Community Centre,79947374,building,53.2761231959765,-9.070979671446908
B471,Saint Mary's Priory,195920909,building,53.268491218190825,-9.056019967930341
B472,Saint Michael's GAA Clubhouse,165329515,building,53.275708865083814,-9.078858874703052
B473,Saint Michaels,185315939,building,53.28014040311019,-9.00556152824153
B474,Saint Patrick's Church,47088145,building,53.2756769727384,-9.046813172483613
B475,Saint Patrick's Garrison Church,161366523,building,53.272994710017805,-9.029369404240663
B476,Saint Paul's,185315948,building,53.28058836777622,-9.005291355846122
B477,Saint Stephen's,185315938,building,53.2798793824446,-9.005274100237346
B478,Saint Theresa's,185315950,building,53.2811562052989,-9.003636525729206
B479,Salmon Weir Hostel Galway,1025580567,building,53.27621062805202,-9.053486731845277
B480,Salthill Bandstand,1125704711,building,53.25908841652921,-9.080264718809676
B481,Salthill Lodge,1127833340,building,53.26509235574569,-9.072802879689885
B482,Salthill Service Station,164368579,building,53.26340565559548,-9.07180950784484
B483,Sancta Maria,133492078,building,53.27011192940142,-9.06462892793496
B484,Saolta Radiation Oncology Centre,1164721232,building,53.2754612856163,-9.067187930462351
B485,Seabury,161693557,building,53.25860461705805,-9.127013937369952
B486,Seafield,205143832,building,53.27938046168636,-9.090385540148734
B487,Security Office,211900853,building,53.28126887339831,-9.062255484378918
B488,Seville House,153265859,building,53.2702024191143,-9.052210484694218
B489,Shalom,185315942,building,53.28082396036233,-9.004682785555216
B490,Sheils Motorpark,101460310,building,53.286375606329656,-9.043361385578418
B491,Sherwood House,133779977,building,53.26939158852214,-9.066399045006122
B492,"Shop, Information Centre, Dental Dept.",160602473,building,53.27677830406124,-8.994756099888379
B493,Shoreline,1125697713,building,53.261259071821726,-9.073643821830784
B494,Silverstrand Service Station,161693555,building,53.25891744034141,-9.129549720987422
B495,Sliabh Rua,204888773,building,53.288711153316804,-9.08414958913166
B496,Smoking Shelter,976465377,building,53.27977325,-9.0616118
B497,Snoozles,587893345,building,53.2751956,-9.0450056
B498,Spanish Arch Car Park,858490713,building,53.27089942849192,-9.054918360020977
B499,Spanish Parade House,539138210,building,53.26956208793838,-9.053192601840491
B500,Spar,1066138348,building,53.28994298099475,-9.020744721759131
B501,St Mary's Hall,266184126,building,53.28922366093174,-9.045964275807313
B502,St Patrick's Band Society,265824041,building,53.27365933251139,-9.045619155280473
B503,St Peter & Paul Church,188153333,building,53.29424875013616,-9.052754596434593
B504,St. Anthony’s,1207247551,building,53.28391134680024,-9.066141923702627
B505,Standard House,161484579,building,53.28925893598438,-9.001187971477846
B506,Steamship House,163415043,building,53.26958520554179,-9.052184774886326
B507,Suan Trá,163424333,building,53.263708615697006,-9.06989496434839
B508,Summerdale,163759349,building,53.27178187852398,-9.086637455022446
B509,Sunrise Lodge,211852635,building,53.26415846591371,-9.068996152510893
B510,Supplies,165022808,building,53.278299967263024,-9.067541144764736
B511,Suzuki,968466178,building,53.2634823256007,-9.071990290856425
B512,Swan House,866109735,building,53.27038133538996,-9.053764623640985
B513,Swuite,288843709,building,53.282025897023466,-9.039527419376762
B514,Séan Duggan Centre,1043837681,building,53.274886586539004,-9.045513069583304
B515,TE Connectivity,78432243,building,53.28939817061289,-9.011662620725255
B516,Tara Court,211855434,building,53.26684596821407,-9.061340537866187
B517,Teach Breac,211939484,building,53.27749067527097,-9.056683651008221
B518,Teach Maryville,211656761,building,53.29149755778352,-9.076566245280638
B519,Terryland Castle,800839426,building,53.28310458129259,-9.059517744119779
B520,Terryland House,200207594,building,53.28493867810745,-9.044917368397702
B521,Texaco,588467537,building,53.27137907220695,-9.045212600201026
B522,Texaco,1060672163,building,53.25895672457795,-9.129652620039245
B523,The Alcantara Building,953816579,building,53.27154692250784,-9.048777252116256
B524,The Black Box,78474058,building,53.28039804301039,-9.052442981562839
B525,The Bridge Mills,331929716,building,53.271425726472536,-9.056497979787423
B526,The Calatrava Building,953816581,building,53.27199297662456,-9.048601583727695
B527,The Chalet,227129964,building,53.27745335,-9.014958400000001
B528,The Clan Bar,303644909,building,53.27942358138478,-9.039313373656482
B529,The Cobblestones,866088254,building,53.27560317029312,-9.051715217707365
B530,The Continental Boutique Residence,146896466,building,53.26655628589989,-9.070958911613209
B531,The Cornstore,858830016,building,53.27150926466306,-9.052785991127944
B532,The Door Centre,161384911,building,53.286325104018836,-9.038088367855144
B533,The Dormers,211747993,building,53.2647918332427,-9.066348300331715
B534,The Grainstore,872365002,building,53.27237631064658,-9.050673493027507
B535,The Guard House,175585617,building,53.272322688404095,-9.053897123893526
B536,The Halls,870980953,building,53.270964508474115,-9.0540361764561
B537,The Huston School Bubble,343501010,building,53.27651805511659,-9.058584856117424
B538,The Lodge,288849265,building,53.27590555167003,-9.044737777937286
B539,The Montessa Building,953816578,building,53.271596503102565,-9.04814603734955
B540,The Nest,211849233,building,53.26240363446385,-9.072816419097002
B541,The Rockbarton Park Hotel,1018393290,building,53.26017385977449,-9.08794007669596
B542,The Santiago Building,953816580,building,53.27178107822545,-9.049142554643074
B543,The Sliding Rock,211933639,building,53.27566453856254,-9.063166380332909
B544,The Sportsdome,870858349,building,53.26398116280814,-9.090459519113569
B545,The Swallow B&B,211854854,building,53.26714917337935,-9.064657663082457
B546,The Warehouse Gym,78516542,building,53.2892912,-9.0168668
B547,The Waterfront,870985984,building,53.271662420837714,-9.055379360515325
B548,The White House,211852636,building,53.26425345,-9.06879205
B549,Three Crown Square,16254532,building,53.28709209451165,-9.022015530382417
B550,Tigh Mhaidhc Pháidín,794881061,building,53.30145058634851,-9.073375912431995
B551,Tom Sheridan’s,162445318,building,53.267733975284365,-9.10563951470116
B552,Tote,184426275,building,53.29865972240226,-8.995830217215191
B553,Tourist Information,866107085,building,53.27451458200449,-9.049922220821536
B554,Tower House,101455930,building,53.285290606716295,-9.034653193232021
B555,Tower House,162456565,building,53.27463108782399,-9.052184219832178
B556,Town Hall Theatre,162504919,building,53.27612891830269,-9.054028012843222
B557,Train Shed,123231076,building,53.272771985083956,-9.046422681033913
B558,Training Department,161303474,building,53.2800377507808,-9.026890198123263
B559,Tuck Mill Court,175583927,building,53.27283101644064,-9.054825650749686
B560,Two Crown Square,16254531,building,53.28684155922019,-9.022788284254995
B561,Tí Geal,211744098,building,53.280774639676025,-9.067306803624973
B562,Tí Luaghaidh,209293940,building,53.273119260103215,-9.001554438753882
B563,Túr Éanna,211738658,building,53.27489610516529,-9.107400767532166
B564,Unit 1,131269466,building,53.290445219608074,-9.073205536514969
B565,Unit 6,131269464,building,53.291776791573454,-9.073510189500977
B566,United Methodist Presbyterian Church,47088146,building,53.27286694165734,-9.047902489218098
B567,University Creche,211659526,building,53.28634130713195,-9.067776652857585
B568,University Halls,134399037,building,53.27644538727354,-9.063290120123556
B569,University of Galway Sports Centre,43204189,building,53.2819999151255,-9.063294153597013
B570,Victoria House,866106631,building,53.2733309,-9.048390149999998
B571,Villa Maria B&B,211854859,building,53.26715518686688,-9.064301218252966
B572,Wash Me,954718179,building,53.28149431514836,-9.046567505429142
B573,Wayfair House,161384895,building,53.283860031260204,-9.036133309304539
B574,Weatherly Lodge,188133979,building,53.27446342832564,-9.075074406602951
B575,Weigh Room & Course Offices,184430690,building,53.29822147353522,-8.993892423259569
B576,Weir Lodge,211939502,building,53.27713305009254,-9.056320025607368
B577,Wellpark House,448727300,building,53.28277910197991,-9.03017497167747
B578,West End Apartments,164649887,building,53.269789747305076,-9.060741874838612
B579,Westbrook House,692322648,building,53.27578707714056,-9.05238995589805
B580,Western Citypoint,162378104,building,53.275864475511675,-9.048955943944952
B581,Western House,163496144,building,53.258407778466726,-9.079942510032433
B582,Westside Boxing Club,78249990,building,53.277891544349536,-9.07273155228372
B583,Westside Community Centre,207249790,building,53.277666305301445,-9.072907898391225
B584,Westside Public Library,207249791,building,53.27741085390566,-9.074417008747634
B585,Whitestrand Lodge Children's Respite Centre,211896344,building,53.26388960298026,-9.062734224654859
B586,Wonderkids Creche,211940925,building,53.27289823158555,-9.069261781762059
B587,Woodbudy,161693561,building,53.25868976988472,-9.127813067072822
B588,Woodie's,43204281,building,53.28247365294478,-9.031296337101502
B589,Woodlands Centre,161303460,building,53.28007336759544,-9.028894110273885
B590,Woodquay Court,290091876,building,53.27648136505666,-9.052214187175814
B591,XL,756621545,building,53.25851405969181,-9.100961839446514
B592,Áras Mhaighe Seola,43204422,building,53.28349908611492,-9.065110560264099
B593,Áras Mhic Amhlaigh,1005688616,building,53.27388518091459,-9.095705634541043
B594,Áras Ní Éimhigh,795395287,building,53.27831152757751,-9.060857892273178
B595,Áras Oirbsean,211906296,building,53.27960614447345,-9.058195912110184
B596,Áras Uí Chathail,57378406,building,53.27881488529899,-9.058436940340053
B597,Áras an Chontae,52408251,building,53.276371232680255,-9.048516169358848
B598,Áras de Brún,56392815,building,53.27871346821621,-9.061757714101727
B599,Áras na Mac Léinn,57378404,building,53.27808755333121,-9.058366838766974
B600,Árasáin Cheann Trá,1090854205,building,53.260030180856255,-9.07508077075453
B601,Árus Bóthar na Trá,288991470,building,53.26350968159709,-9.086039053579828
B602,Árus Guaire,587893344,building,53.27619688626201,-9.046168130222501
